model,mean_x,mean_y,cov_xx,cov_xy,cov_yy
MVLognormal,3.8484999027037095,3.985581873541909,0.0968408455570175,-0.03357840555995784,0.052903247436353294
