model,mean_x,mean_y,cov_xx,cov_xy,cov_yy
MVLognormal,3.9221934932337277,2.792005544250414,0.27699564929523884,-0.32394331377376584,1.0157401578656076
