model,mean_x,mean_y,cov_xx,cov_xy,cov_yy
MVLognormal,4.361778602476451,3.492591584111343,0.08424230159173555,0.06316243083442191,0.20541597767851208
