model,mean_x,mean_y,cov_xx,cov_xy,cov_yy
MVLognormal,4.154326466432583,3.6383415448643013,0.1449303619751375,0.1392965580071505,0.31134722707068013
