model,mean_x,mean_y,cov_xx,cov_xy,cov_yy
MVLognormal,4.269701389752129,3.9855561601693044,0.16784178267215083,0.17760809139870914,0.26809125150591395
