model,mean_x,mean_y,cov_xx,cov_xy,cov_yy
MVLognormal,4.025657881893179,3.5336771082512266,0.17543530008312685,0.1410059991609106,0.32980526493815127
