model,mean_x,mean_y,cov_xx,cov_xy,cov_yy
MVLognormal,4.156144150468716,3.224078778110407,0.18810547619054144,0.042491043562600174,0.40923456746961195
